{"mean": [0.5249232053756714, 0.007784235756844282, 0.3213306963443756, 0.3601571023464203, -0.08899318426847458, -0.04541919752955437, 0.39383405447006226], "std": [0.12174549698829651, 0.1777314394712448, 0.16575497388839722, 2.901729106903076, 0.3687683939933777, 0.7799617648124695, 0.4361666738986969], "count": 500000}